symbol,S,K,r,sigma,T,isCall
QQQ_C_332_0,324.32,332.91,0.0484,0.3572,1.5873,1
SPY_P_175_1,167.23,175.24,0.0379,0.3847,0.9818,0
NVDA_C_427_2,439.30,427.89,0.0360,0.3265,0.7951,1
AMD_P_442_3,454.04,442.02,0.0383,0.1841,0.1430,0
NVDA_P_201_4,197.24,201.30,0.0349,0.1863,1.5450,0
NVDA_C_125_5,127.02,125.14,0.0328,0.3833,1.4970,1
MSFT_P_317_6,350.92,317.28,0.0454,0.2974,0.4665,0
SPY_P_127_7,114.72,127.41,0.0470,0.2925,1.4430,0
GOOGL_C_345_8,306.04,345.73,0.0472,0.2777,1.7597,1
MSFT_C_270_9,277.08,270.71,0.0432,0.1619,0.2524,1
QQQ_P_437_10,485.66,437.42,0.0466,0.3772,1.3071,0
NVDA_P_90_11,91.52,90.18,0.0377,0.2721,1.0058,0
TSLA_P_297_12,314.91,297.45,0.0385,0.2403,1.3152,0
TSLA_P_153_13,149.74,153.90,0.0422,0.1587,0.1268,0
AAPL_C_121_14,113.32,121.18,0.0339,0.3746,0.6372,1
AMD_P_176_15,173.89,176.67,0.0438,0.3013,0.3751,0
TSLA_P_476_16,498.96,476.10,0.0387,0.3217,1.0608,0
AMZN_P_483_17,498.77,483.30,0.0463,0.1827,0.8652,0
GOOGL_P_85_18,97.60,85.74,0.0489,0.3329,1.7942,0
AMD_P_307_19,286.01,307.98,0.0466,0.2501,1.7147,0
MSFT_P_442_20,454.19,442.04,0.0440,0.3743,1.5633,0
AMD_P_253_21,230.79,253.75,0.0339,0.3360,0.1593,0
META_P_169_22,177.29,169.16,0.0424,0.2919,0.3981,0
GOOGL_P_312_23,290.87,312.40,0.0373,0.1855,1.3374,0
AMZN_C_169_24,170.77,169.75,0.0458,0.3191,1.0400,1
AMZN_C_295_25,309.11,295.58,0.0314,0.1714,0.4711,1
AAPL_P_115_26,106.12,115.41,0.0426,0.3581,0.1885,0
AMZN_C_390_27,379.18,390.91,0.0395,0.1941,1.2298,1
AMD_C_395_28,401.31,395.80,0.0330,0.3353,1.9247,1
NVDA_C_54_29,54.19,54.25,0.0357,0.3465,1.5405,1
SPY_P_518_30,493.61,518.71,0.0393,0.3602,1.9532,0
SPY_P_364_31,339.80,364.08,0.0493,0.3912,0.5253,0
NVDA_P_227_32,235.28,227.82,0.0491,0.3570,1.4863,0
NVDA_C_218_33,216.02,218.98,0.0434,0.3222,1.1732,1
AMD_C_252_34,221.64,252.69,0.0315,0.2274,0.8725,1
META_C_332_35,309.04,332.44,0.0434,0.3309,1.5463,1
GOOGL_C_188_36,170.55,188.11,0.0394,0.3340,1.5488,1
MSFT_C_343_37,337.20,343.19,0.0330,0.3420,0.3406,1
QQQ_P_403_38,379.42,403.61,0.0307,0.3057,1.3937,0
QQQ_P_176_39,205.54,176.69,0.0317,0.2864,0.3228,0
GOOGL_P_143_40,125.82,143.20,0.0429,0.2482,1.5363,0
QQQ_C_248_41,275.92,248.82,0.0500,0.2659,1.2037,1
GOOGL_C_176_42,187.35,176.13,0.0332,0.2864,1.7632,1
NVDA_P_227_43,225.24,227.44,0.0319,0.2605,0.4523,0
AMZN_P_107_44,122.52,107.31,0.0439,0.3220,1.8580,0
AMZN_C_147_45,172.37,147.82,0.0400,0.2403,0.6761,1
TSLA_P_362_46,317.37,362.83,0.0324,0.3940,0.5928,0
AAPL_C_220_47,244.33,220.64,0.0365,0.1706,0.7491,1
TSLA_C_270_48,286.67,270.22,0.0461,0.3690,0.5825,1
GOOGL_P_300_49,342.98,300.07,0.0411,0.2582,1.9353,0
META_C_374_50,332.44,374.96,0.0389,0.3233,1.9009,1
QQQ_C_533_51,481.07,533.08,0.0461,0.2833,0.9741,1
TSLA_C_272_52,281.14,272.08,0.0388,0.1642,0.3153,1
QQQ_C_103_53,120.59,103.56,0.0434,0.2171,1.0501,1
TSLA_P_99_54,103.11,99.37,0.0421,0.1754,0.6544,0
GOOGL_P_81_55,93.61,81.50,0.0358,0.3296,0.6476,0
MSFT_P_350_56,327.58,350.40,0.0484,0.3111,0.3217,0
AMD_P_248_57,255.95,248.51,0.0472,0.3182,1.3211,0
AMD_C_473_58,436.14,473.72,0.0497,0.2155,1.9865,1
AAPL_P_140_59,152.07,140.33,0.0401,0.1904,1.2588,0
AMD_P_453_60,475.79,453.86,0.0364,0.2886,1.5507,0
TSLA_C_520_61,475.34,520.38,0.0354,0.1916,0.7219,1
AMD_C_289_62,318.85,289.98,0.0463,0.2101,0.4393,1
AAPL_P_102_63,105.27,102.24,0.0403,0.2360,1.4516,0
GOOGL_P_184_64,187.44,184.57,0.0300,0.2774,0.3503,0
SPY_P_358_65,335.55,358.26,0.0365,0.2269,1.6437,0
NVDA_C_480_66,445.69,480.68,0.0385,0.3283,1.9689,1
META_P_216_67,211.55,216.95,0.0470,0.1953,1.5862,0
AMZN_P_266_68,277.37,266.76,0.0371,0.2120,1.8097,0
MSFT_C_66_69,66.07,66.47,0.0343,0.2191,0.4859,1
QQQ_C_358_70,390.79,358.87,0.0477,0.2340,1.6099,1
AMD_C_195_71,190.23,195.81,0.0455,0.3816,1.0995,1
NVDA_P_411_72,473.71,411.40,0.0395,0.3833,0.7219,0
SPY_P_223_73,254.30,223.44,0.0409,0.2808,1.5907,0
AMZN_P_466_74,494.40,466.31,0.0368,0.2570,0.2074,0
SPY_C_64_75,70.28,64.76,0.0421,0.2616,0.4862,1
AMZN_C_108_76,121.31,108.47,0.0350,0.1614,0.5742,1
META_P_383_77,340.45,383.35,0.0400,0.2298,1.6315,0
NVDA_P_176_78,168.06,176.18,0.0350,0.3260,1.3886,0
TSLA_P_117_79,104.34,117.71,0.0358,0.2348,1.3902,0
SPY_C_323_80,339.08,323.06,0.0388,0.2713,1.8629,1
GOOGL_P_94_81,95.50,94.31,0.0425,0.3703,1.7237,0
NVDA_P_121_82,117.42,121.22,0.0478,0.2350,1.8910,0
AAPL_C_431_83,497.52,431.98,0.0466,0.3193,0.4172,1
QQQ_P_419_84,475.39,419.28,0.0320,0.2322,1.3618,0
TSLA_P_149_85,136.40,149.76,0.0459,0.3890,0.6039,0
NVDA_C_344_86,334.47,344.56,0.0365,0.2488,0.7167,1
TSLA_P_355_87,389.03,355.07,0.0331,0.2775,1.7528,0
NVDA_C_131_88,117.61,131.24,0.0417,0.1771,0.5150,1
SPY_P_239_89,241.98,239.23,0.0327,0.2468,0.6553,0
AAPL_C_244_90,229.42,244.39,0.0330,0.3021,1.5332,1
AAPL_P_201_91,210.28,201.25,0.0492,0.1985,0.4513,0
QQQ_P_81_92,90.66,81.16,0.0450,0.2906,0.6247,0
QQQ_C_177_93,191.51,177.84,0.0362,0.1712,0.7516,1
AMD_P_432_94,492.07,432.65,0.0462,0.2278,0.3331,0
QQQ_C_367_95,377.56,367.85,0.0376,0.3799,0.3551,1
NVDA_P_79_96,89.58,79.31,0.0315,0.2742,0.7271,0
NVDA_C_196_97,228.45,196.61,0.0379,0.3186,1.8542,1
MSFT_C_310_98,330.79,310.98,0.0417,0.2134,0.5950,1
AAPL_C_326_99,350.79,326.11,0.0472,0.2508,1.3024,1
META_P_159_100,173.55,159.01,0.0329,0.1861,0.4597,0
GOOGL_P_192_101,195.11,192.33,0.0439,0.1958,0.4798,0
TSLA_P_107_102,98.82,107.81,0.0482,0.2861,1.4957,0
META_C_442_103,463.40,442.02,0.0462,0.2745,1.3573,1
AAPL_P_244_104,213.89,244.58,0.0314,0.2077,0.4886,0
QQQ_P_375_105,352.94,375.53,0.0445,0.3640,1.8421,0
AAPL_P_388_106,354.80,388.12,0.0368,0.2028,0.9494,0
MSFT_P_191_107,172.49,191.77,0.0383,0.3378,0.0886,0
QQQ_P_424_108,447.34,424.70,0.0436,0.3936,1.7989,0
QQQ_C_280_109,317.54,280.57,0.0442,0.1501,0.5113,1
NVDA_P_481_110,462.59,481.26,0.0443,0.2305,0.6229,0
SPY_P_191_111,176.06,191.31,0.0477,0.3858,1.8447,0
QQQ_P_266_112,299.40,266.49,0.0328,0.3721,0.3795,0
MSFT_C_292_113,306.50,292.64,0.0310,0.2029,1.5423,1
AMZN_P_140_114,153.94,140.19,0.0314,0.2707,0.7822,0
QQQ_C_117_115,102.25,117.02,0.0468,0.2772,0.6751,1
TSLA_C_75_116,89.08,75.99,0.0400,0.2975,0.4933,1
QQQ_C_383_117,389.69,383.43,0.0339,0.3922,0.7102,1
TSLA_C_363_118,370.48,363.58,0.0408,0.2165,1.1406,1
GOOGL_C_188_119,178.28,188.04,0.0479,0.2447,1.7782,1
GOOGL_C_539_120,493.40,539.06,0.0481,0.2381,1.1066,1
GOOGL_P_176_121,161.87,176.25,0.0489,0.1752,0.9149,0
AAPL_P_430_122,441.61,430.32,0.0481,0.2065,1.4270,0
AAPL_C_284_123,252.25,284.56,0.0489,0.2845,1.6472,1
AMD_C_103_124,107.67,103.87,0.0412,0.2356,1.9241,1
GOOGL_P_130_125,133.70,130.71,0.0434,0.2296,0.8999,0
MSFT_C_120_126,138.17,120.11,0.0455,0.2408,0.8367,1
GOOGL_P_207_127,191.47,207.53,0.0462,0.2983,1.6990,0
SPY_P_261_128,273.25,261.97,0.0360,0.1798,1.0756,0
NVDA_P_56_129,55.54,56.43,0.0436,0.1942,1.7577,0
MSFT_P_381_130,422.97,381.83,0.0487,0.3780,0.3150,0
MSFT_C_61_131,70.57,61.89,0.0303,0.3710,1.2288,1
AMD_P_119_132,116.83,119.43,0.0312,0.3520,1.1070,0
GOOGL_C_224_133,210.62,224.83,0.0364,0.3302,1.0358,1
SPY_P_209_134,228.95,209.37,0.0331,0.2057,0.9705,0
TSLA_P_526_135,481.32,526.87,0.0342,0.3610,0.2876,0
AAPL_C_384_136,417.72,384.48,0.0425,0.2309,1.8239,1
GOOGL_P_141_137,125.98,141.15,0.0346,0.1815,1.9677,0
AMD_C_454_138,399.79,454.62,0.0413,0.2219,0.3851,1
AAPL_P_80_139,83.62,80.71,0.0472,0.3719,0.6977,0
NVDA_P_385_140,395.36,385.42,0.0443,0.3412,1.4768,0
META_P_365_141,318.87,365.03,0.0397,0.3127,1.2344,0
TSLA_P_359_142,373.33,359.88,0.0357,0.2469,1.1000,0
GOOGL_C_372_143,375.20,372.35,0.0436,0.3676,1.8047,1
SPY_P_288_144,265.60,288.80,0.0400,0.1551,0.3256,0
MSFT_C_146_145,132.83,146.99,0.0436,0.2603,1.0495,1
MSFT_C_212_146,201.62,212.23,0.0499,0.2576,1.1874,1
AMZN_C_229_147,258.63,229.97,0.0371,0.2175,0.7557,1
QQQ_P_492_148,479.56,492.61,0.0459,0.3148,1.8086,0
GOOGL_C_476_149,488.78,476.15,0.0449,0.2584,0.4721,1
META_C_415_150,464.35,415.89,0.0413,0.1845,0.2218,1
QQQ_C_208_151,224.56,208.47,0.0324,0.3338,1.3741,1
NVDA_P_429_152,396.05,429.42,0.0474,0.2773,1.4315,0
MSFT_C_261_153,239.29,261.51,0.0392,0.1781,1.5285,1
AAPL_P_262_154,250.71,262.58,0.0353,0.1919,1.2598,0
AMD_P_350_155,310.85,350.12,0.0491,0.2111,0.2273,0
AMZN_C_456_156,421.54,456.09,0.0319,0.1727,1.8166,1
AAPL_P_77_157,78.11,77.66,0.0451,0.3260,1.3788,0
META_P_395_158,373.97,395.22,0.0462,0.3844,0.3542,0
GOOGL_C_431_159,488.44,431.45,0.0396,0.3998,0.3456,1
GOOGL_P_243_160,279.45,243.66,0.0389,0.3864,0.1267,0
GOOGL_P_144_161,169.27,144.08,0.0436,0.2057,0.6384,0
MSFT_P_56_162,58.75,56.71,0.0391,0.2572,0.8330,0
AMD_P_478_163,463.77,478.05,0.0361,0.3506,1.1984,0
META_C_285_164,273.17,285.51,0.0477,0.1882,0.2255,1
AMD_C_121_165,142.52,121.38,0.0423,0.2536,1.1964,1
AAPL_C_438_166,382.71,438.89,0.0372,0.3487,0.3791,1
GOOGL_C_479_167,489.16,479.03,0.0445,0.2677,0.8809,1
TSLA_P_130_168,147.32,130.50,0.0489,0.3688,1.2119,0
SPY_C_247_169,217.33,247.54,0.0307,0.3991,0.7245,1
GOOGL_C_65_170,64.51,65.78,0.0448,0.3922,1.0544,1
QQQ_P_296_171,340.28,296.20,0.0327,0.3624,1.6346,0
AMZN_C_322_172,296.99,322.24,0.0474,0.2151,0.9030,1
TSLA_P_87_173,98.99,87.22,0.0418,0.2863,1.6254,0
SPY_P_267_174,286.63,267.96,0.0373,0.2579,1.4640,0
NVDA_P_429_175,404.52,429.51,0.0323,0.1623,0.1160,0
TSLA_P_418_176,484.58,418.59,0.0473,0.3695,0.5581,0
TSLA_P_359_177,408.79,359.86,0.0330,0.3731,1.8419,0
TSLA_C_439_178,435.40,439.22,0.0449,0.1964,1.2229,1
META_C_207_179,210.80,207.93,0.0424,0.2402,0.6858,1
NVDA_P_74_180,72.62,74.91,0.0311,0.2850,0.9330,0
META_C_86_181,75.46,86.57,0.0493,0.3168,0.6741,1
AMD_P_278_182,317.13,278.47,0.0320,0.2869,0.8094,0
MSFT_C_478_183,471.36,478.96,0.0361,0.3778,1.3450,1
GOOGL_C_468_184,462.14,468.24,0.0484,0.2918,1.3646,1
AMD_C_138_185,146.19,138.57,0.0411,0.2674,0.3299,1
MSFT_C_387_186,380.46,387.25,0.0408,0.1747,1.4341,1
AMZN_C_232_187,239.74,232.06,0.0401,0.1778,0.9360,1
GOOGL_P_413_188,451.89,413.66,0.0344,0.3308,1.1304,0
META_C_238_189,271.96,238.45,0.0360,0.3161,1.2991,1
TSLA_C_435_190,422.11,435.48,0.0389,0.2250,1.1050,1
NVDA_C_329_191,315.60,329.18,0.0443,0.2034,0.6935,1
NVDA_C_294_192,332.01,294.67,0.0411,0.3593,1.0803,1
SPY_C_383_193,346.56,383.39,0.0343,0.3729,0.8692,1
GOOGL_C_490_194,464.68,490.50,0.0363,0.3159,0.2925,1
AAPL_C_345_195,396.24,345.16,0.0379,0.3802,1.3582,1
QQQ_P_211_196,196.78,211.18,0.0317,0.3896,1.0889,0
AAPL_C_363_197,346.67,363.08,0.0476,0.2855,1.0417,1
MSFT_C_273_198,318.11,273.63,0.0337,0.3493,0.1219,1
AMZN_P_161_199,142.66,161.70,0.0466,0.3750,0.4039,0
AMD_P_456_200,417.97,456.36,0.0359,0.3690,0.9945,0
TSLA_C_189_201,181.28,189.16,0.0446,0.3151,1.9776,1
AMD_C_99_202,105.39,99.17,0.0478,0.1648,0.3372,1
NVDA_C_250_203,259.96,250.46,0.0441,0.3840,1.0154,1
TSLA_C_92_204,102.54,92.04,0.0399,0.3580,0.2970,1
AMD_C_263_205,256.88,263.35,0.0446,0.3638,1.2266,1
TSLA_P_404_206,353.47,404.64,0.0401,0.1703,1.2490,0
AMZN_P_105_207,110.60,105.80,0.0371,0.3638,1.2944,0
QQQ_C_493_208,437.97,493.36,0.0457,0.2366,0.9828,1
MSFT_C_96_209,108.14,96.42,0.0406,0.3990,1.8236,1
NVDA_P_384_210,341.51,384.29,0.0345,0.1840,0.9543,0
AAPL_C_251_211,220.91,251.46,0.0344,0.3433,0.2633,1
AMD_C_460_212,482.52,460.14,0.0301,0.2218,1.8377,1
AAPL_P_177_213,174.25,177.94,0.0494,0.2764,0.7679,0
GOOGL_P_138_214,136.24,138.36,0.0306,0.3192,0.4514,0
TSLA_C_147_215,151.41,147.14,0.0375,0.2618,0.8261,1
TSLA_C_108_216,108.29,108.29,0.0406,0.2145,1.6100,1
MSFT_C_334_217,338.65,334.32,0.0495,0.3472,0.3716,1
NVDA_P_194_218,182.16,194.58,0.0336,0.2296,0.4782,0
AMD_P_414_219,448.98,414.28,0.0412,0.3756,0.8267,0
AAPL_C_352_220,370.71,352.21,0.0352,0.2197,0.5819,1
META_C_339_221,359.26,339.97,0.0364,0.2384,0.1481,1
SPY_P_95_222,87.63,95.16,0.0472,0.3548,0.8550,0
QQQ_C_60_223,59.77,60.84,0.0463,0.2973,1.4677,1
AMZN_P_334_224,374.62,334.25,0.0345,0.3115,1.5034,0
NVDA_P_285_225,257.60,285.61,0.0457,0.2368,1.7412,0
MSFT_C_210_226,242.25,210.58,0.0356,0.2896,0.2235,1
NVDA_P_100_227,92.31,100.93,0.0472,0.1615,0.6206,0
MSFT_C_456_228,423.74,456.07,0.0334,0.3134,1.6204,1
GOOGL_P_433_229,436.60,433.27,0.0433,0.2214,1.1655,0
META_C_255_230,252.52,255.22,0.0372,0.3694,1.5942,1
TSLA_C_220_231,258.11,220.75,0.0335,0.3231,1.0992,1
NVDA_P_360_232,342.57,360.08,0.0499,0.2620,0.3510,0
AMD_P_88_233,92.60,88.35,0.0439,0.3794,0.8703,0
AMZN_C_211_234,236.96,211.04,0.0470,0.3238,1.4739,1
QQQ_P_257_235,235.19,257.67,0.0309,0.2183,0.4795,0
MSFT_C_349_236,385.81,349.25,0.0468,0.1774,0.5548,1
SPY_P_338_237,315.99,338.38,0.0443,0.3740,0.7044,0
META_P_397_238,346.12,397.08,0.0393,0.3717,0.1989,0
MSFT_P_441_239,441.37,441.20,0.0310,0.3517,1.6101,0
QQQ_C_58_240,64.18,58.74,0.0312,0.3454,1.5042,1
SPY_C_247_241,270.27,247.94,0.0420,0.3406,1.7069,1
AMZN_P_80_242,81.43,80.05,0.0401,0.1886,1.7152,0
META_P_399_243,404.29,399.91,0.0386,0.3378,1.5610,0
QQQ_P_192_244,221.36,192.60,0.0407,0.1980,0.0967,0
TSLA_P_276_245,304.13,276.00,0.0327,0.3516,1.9189,0
GOOGL_C_337_246,347.75,337.30,0.0318,0.1896,1.6797,1
SPY_P_368_247,331.61,368.75,0.0352,0.3299,0.7677,0
META_P_307_248,348.61,307.18,0.0396,0.3305,0.5901,0
MSFT_C_342_249,322.05,342.75,0.0426,0.2158,1.1095,1
AMD_C_333_250,319.14,333.10,0.0357,0.2585,1.1111,1
AMD_C_413_251,425.82,413.57,0.0497,0.2839,1.1949,1
NVDA_P_502_252,453.54,502.05,0.0405,0.2421,0.2840,0
QQQ_C_361_253,388.07,361.58,0.0401,0.3720,0.9929,1
SPY_C_85_254,93.71,85.58,0.0346,0.3167,0.4085,1
META_P_314_255,313.78,314.43,0.0323,0.1568,1.2766,0
AMD_P_361_256,381.37,361.64,0.0385,0.2731,0.3709,0
TSLA_C_245_257,236.18,245.79,0.0457,0.3346,1.1800,1
GOOGL_P_460_258,453.12,460.24,0.0425,0.2412,0.5425,0
MSFT_P_140_259,129.70,140.09,0.0449,0.3104,1.8515,0
SPY_C_371_260,355.64,371.56,0.0406,0.2241,0.7745,1
NVDA_C_363_261,333.18,363.73,0.0399,0.3951,1.7766,1
AAPL_P_57_262,66.53,57.69,0.0363,0.2324,1.7050,0
NVDA_C_420_263,478.58,420.31,0.0467,0.1635,0.2178,1
NVDA_P_363_264,393.63,363.46,0.0474,0.2833,1.8139,0
TSLA_C_335_265,305.72,335.65,0.0308,0.2045,0.8118,1
QQQ_C_212_266,214.01,212.94,0.0498,0.2160,1.6233,1
NVDA_P_242_267,256.22,242.86,0.0407,0.3344,0.2486,0
AAPL_C_409_268,474.23,409.80,0.0491,0.1601,1.8532,1
NVDA_C_416_269,446.08,416.37,0.0480,0.2486,1.2709,1
SPY_C_256_270,250.46,256.12,0.0311,0.2176,1.7632,1
QQQ_C_425_271,430.32,425.95,0.0362,0.3715,1.1346,1
AMD_P_311_272,360.68,311.35,0.0394,0.3597,0.3127,0
META_P_285_273,270.48,285.30,0.0379,0.3056,0.2474,0
GOOGL_C_450_274,419.98,450.54,0.0325,0.1865,1.3108,1
GOOGL_C_164_275,154.64,164.71,0.0444,0.1592,1.1141,1
MSFT_C_259_276,248.84,259.31,0.0477,0.3241,0.9244,1
AMZN_C_481_277,468.11,481.54,0.0433,0.3654,1.4865,1
SPY_P_187_278,215.35,187.71,0.0346,0.3470,1.0855,0
AMD_P_381_279,444.41,381.79,0.0402,0.3523,1.7504,0
META_C_366_280,364.50,366.19,0.0349,0.3345,1.5634,1
QQQ_C_288_281,292.70,288.41,0.0309,0.1761,1.0104,1
MSFT_C_428_282,425.98,428.71,0.0387,0.3763,0.5669,1
META_C_356_283,384.25,356.35,0.0483,0.2229,0.2806,1
SPY_P_291_284,260.66,291.29,0.0334,0.3159,1.8304,0
AAPL_P_349_285,404.57,349.73,0.0428,0.2022,1.1415,0
TSLA_C_126_286,140.91,126.43,0.0381,0.3705,1.7208,1
NVDA_P_480_287,447.74,480.46,0.0368,0.3099,1.4853,0
AMZN_P_63_288,56.82,63.28,0.0466,0.1702,1.9121,0
AAPL_P_292_289,311.74,292.62,0.0420,0.3363,1.1212,0
QQQ_C_411_290,385.50,411.57,0.0380,0.2834,0.9912,1
TSLA_C_151_291,153.31,151.05,0.0439,0.2754,0.5280,1
AAPL_C_477_292,476.22,477.12,0.0450,0.2624,1.5744,1
NVDA_P_264_293,253.99,264.17,0.0445,0.1974,1.8624,0
MSFT_P_395_294,370.03,395.95,0.0453,0.3454,0.7631,0
GOOGL_P_282_295,305.32,282.83,0.0465,0.2481,0.4477,0
QQQ_C_274_296,280.72,274.59,0.0408,0.1644,1.8900,1
AMZN_P_70_297,71.17,70.56,0.0384,0.3935,1.5054,0
AMD_C_65_298,61.89,65.84,0.0426,0.3851,1.4155,1
AAPL_P_140_299,152.41,140.62,0.0424,0.3199,1.3859,0
TSLA_C_158_300,155.13,158.52,0.0417,0.3672,0.9202,1
AMD_P_275_301,254.88,275.31,0.0500,0.2810,1.6644,0
META_C_232_302,212.10,232.67,0.0313,0.3329,1.9765,1
TSLA_C_375_303,361.90,375.91,0.0451,0.3713,0.8829,1
META_P_289_304,299.96,289.72,0.0441,0.2423,0.3787,0
QQQ_P_458_305,462.78,458.24,0.0421,0.3174,0.0926,0
SPY_C_48_306,51.37,48.75,0.0361,0.2235,1.2796,1
META_C_323_307,300.82,323.25,0.0420,0.2982,0.2839,1
SPY_C_240_308,221.14,240.85,0.0369,0.3210,0.9574,1
TSLA_C_266_309,272.29,266.93,0.0343,0.2667,0.4748,1
NVDA_P_360_310,382.25,360.56,0.0427,0.2033,0.5226,0
AMD_C_94_311,100.85,94.57,0.0475,0.2398,0.9541,1
AMZN_P_375_312,328.14,375.42,0.0357,0.3696,0.5547,0
SPY_C_121_313,127.50,121.01,0.0303,0.3075,0.7806,1
AMD_C_264_314,276.53,264.41,0.0337,0.2781,1.9176,1
TSLA_P_311_315,306.30,311.28,0.0477,0.1600,0.1444,0
AMD_C_391_316,398.05,391.71,0.0373,0.1837,1.6739,1
GOOGL_P_511_317,489.37,511.91,0.0321,0.2813,1.4915,0
GOOGL_P_400_318,379.51,400.39,0.0436,0.2132,1.4247,0
SPY_C_296_319,284.19,296.94,0.0365,0.1634,1.5489,1
NVDA_C_242_320,254.74,242.54,0.0313,0.3291,0.2847,1
AMZN_C_386_321,347.09,386.54,0.0396,0.3709,0.1720,1
GOOGL_P_469_322,416.39,469.68,0.0489,0.2484,0.6646,0
GOOGL_C_182_323,158.58,182.10,0.0443,0.3750,0.6673,1
AMZN_C_54_324,54.61,54.94,0.0341,0.1619,1.4294,1
QQQ_P_463_325,467.12,463.53,0.0396,0.3301,1.5455,0
AAPL_P_374_326,396.48,374.92,0.0459,0.2290,1.5533,0
GOOGL_P_181_327,212.24,181.75,0.0386,0.2950,0.8588,0
META_C_397_328,457.18,397.26,0.0307,0.3579,1.2633,1
AAPL_C_344_329,363.09,344.83,0.0400,0.2262,0.4858,1
AMD_C_228_330,224.22,228.03,0.0313,0.2375,0.4564,1
GOOGL_P_347_331,326.67,347.75,0.0470,0.1610,0.4191,0
NVDA_C_209_332,226.52,209.51,0.0301,0.1760,1.5438,1
GOOGL_C_386_333,356.55,386.00,0.0353,0.2308,1.1654,1
QQQ_C_207_334,180.59,207.55,0.0381,0.2034,0.6284,1
QQQ_P_461_335,424.80,461.73,0.0401,0.1652,1.6413,0
AMD_P_159_336,151.16,159.36,0.0425,0.2509,0.3512,0
QQQ_C_87_337,84.38,87.46,0.0328,0.2312,0.9944,1
MSFT_C_368_338,325.42,368.49,0.0350,0.1680,0.6522,1
AMD_C_337_339,295.91,337.05,0.0497,0.3071,0.8570,1
MSFT_C_151_340,156.42,151.52,0.0411,0.3604,1.9398,1
GOOGL_P_406_341,382.85,406.10,0.0304,0.2474,1.2029,0
QQQ_P_372_342,377.41,372.73,0.0466,0.2347,1.8746,0
META_P_145_343,170.41,145.70,0.0378,0.1698,1.6532,0
META_C_237_344,207.07,237.43,0.0364,0.3250,0.7675,1
GOOGL_C_56_345,60.51,56.54,0.0406,0.2186,1.9795,1
SPY_P_395_346,454.43,395.14,0.0349,0.2908,1.7517,0
AMZN_C_309_347,315.88,309.11,0.0448,0.3304,0.1472,1
GOOGL_C_459_348,495.72,459.88,0.0465,0.2905,0.0881,1
MSFT_P_193_349,192.96,193.25,0.0325,0.1505,1.4561,0
QQQ_P_62_350,68.98,62.13,0.0420,0.3209,0.8392,0
META_C_455_351,442.75,455.96,0.0343,0.3879,1.7417,1
META_P_287_352,282.21,287.42,0.0345,0.2006,0.7332,0
NVDA_C_109_353,124.92,109.83,0.0437,0.1739,1.6202,1
SPY_P_169_354,187.42,169.27,0.0405,0.3759,1.4387,0
NVDA_P_352_355,392.15,352.71,0.0329,0.2854,1.3668,0
NVDA_C_402_356,369.12,402.37,0.0385,0.2813,1.0357,1
QQQ_C_446_357,450.63,446.93,0.0410,0.1622,1.9727,1
NVDA_P_428_358,465.88,428.20,0.0391,0.3225,0.9389,0
AMD_C_177_359,172.34,177.20,0.0378,0.3155,1.0099,1
AMZN_P_321_360,337.68,321.11,0.0432,0.2670,1.6341,0
TSLA_C_97_361,96.05,97.75,0.0345,0.2758,1.7903,1
AMD_C_113_362,112.06,114.00,0.0377,0.3080,0.8891,1
AAPL_C_466_363,488.80,466.70,0.0394,0.1715,0.6996,1
QQQ_P_193_364,197.70,193.60,0.0421,0.2132,0.2941,0
QQQ_P_145_365,159.46,145.82,0.0303,0.2944,0.8740,0
MSFT_P_130_366,134.95,130.24,0.0399,0.3221,1.9008,0
META_C_76_367,81.76,76.17,0.0378,0.2597,1.9555,1
META_C_141_368,134.08,141.06,0.0472,0.3544,0.9395,1
AMZN_C_238_369,266.51,238.74,0.0495,0.3940,0.1858,1
QQQ_P_282_370,278.27,282.50,0.0363,0.2436,0.7741,0
MSFT_C_502_371,468.22,502.45,0.0421,0.1640,1.0905,1
AMZN_P_395_372,393.54,395.64,0.0394,0.3066,0.0811,0
AAPL_C_161_373,169.38,161.63,0.0425,0.1836,1.4788,1
MSFT_P_62_374,65.82,62.50,0.0310,0.2269,1.7331,0
META_P_118_375,108.21,118.41,0.0479,0.2857,1.4542,0
AMZN_C_234_376,265.48,234.31,0.0359,0.3998,0.9866,1
MSFT_P_493_377,473.06,493.72,0.0420,0.3588,0.8991,0
TSLA_C_265_378,275.00,265.09,0.0432,0.1935,1.4170,1
AAPL_P_237_379,231.23,237.57,0.0427,0.3047,0.3971,0
AMD_P_76_380,87.15,76.35,0.0324,0.3697,0.8284,0
AAPL_C_146_381,167.54,146.86,0.0320,0.2769,0.2878,1
AAPL_P_189_382,196.90,189.06,0.0383,0.3649,0.3192,0
AAPL_P_509_383,478.43,509.90,0.0304,0.2093,1.5556,0
AAPL_C_234_384,225.21,234.70,0.0437,0.3075,1.1563,1
GOOGL_C_346_385,316.23,346.22,0.0317,0.2471,0.1102,1
AMD_C_234_386,211.61,234.04,0.0489,0.3041,1.0388,1
GOOGL_C_119_387,137.09,119.87,0.0343,0.2188,0.5614,1
TSLA_C_208_388,190.59,208.76,0.0380,0.2993,1.5950,1
GOOGL_P_193_389,222.30,193.10,0.0472,0.3638,1.9874,0
TSLA_C_280_390,278.44,280.74,0.0430,0.1741,1.7387,1
META_C_135_391,157.20,135.20,0.0363,0.3375,1.9859,1
SPY_C_444_392,392.56,444.50,0.0447,0.3589,0.5662,1
QQQ_P_103_393,117.10,103.39,0.0441,0.2930,1.6522,0
QQQ_C_141_394,155.48,141.99,0.0331,0.1860,1.5535,1
SPY_C_172_395,193.79,172.88,0.0440,0.2491,0.0935,1
AMZN_P_412_396,432.81,412.94,0.0339,0.2475,0.6737,0
AMD_C_81_397,72.03,81.47,0.0372,0.2108,0.3034,1
AMD_P_252_398,240.51,252.06,0.0473,0.2110,0.6076,0
MSFT_C_51_399,51.45,51.83,0.0336,0.3646,0.9866,1
AMZN_C_63_400,55.43,63.65,0.0369,0.1705,0.6101,1
AMD_C_236_401,267.18,236.16,0.0442,0.2446,1.8073,1
TSLA_P_460_402,497.35,460.26,0.0332,0.3326,0.5948,0
META_C_72_403,68.05,72.37,0.0475,0.3295,0.3141,1
SPY_P_317_404,309.92,317.66,0.0463,0.3221,1.3638,0
AAPL_P_62_405,65.79,62.95,0.0334,0.2815,1.4168,0
NVDA_C_152_406,143.70,152.60,0.0375,0.2494,1.5427,1
GOOGL_C_478_407,486.40,479.00,0.0396,0.3233,1.7919,1
SPY_P_335_408,305.84,335.05,0.0461,0.1507,0.1101,0
QQQ_P_439_409,495.29,439.00,0.0392,0.2760,0.7628,0
QQQ_C_345_410,360.34,345.13,0.0427,0.1869,0.6412,1
AAPL_P_276_411,296.04,276.29,0.0451,0.1881,0.4436,0
MSFT_C_297_412,342.70,297.39,0.0414,0.3902,1.8740,1
NVDA_C_152_413,154.53,152.31,0.0366,0.2604,1.6549,1
QQQ_C_278_414,259.31,278.17,0.0432,0.3765,0.6121,1
AAPL_P_338_415,375.48,338.48,0.0381,0.3855,1.2973,0
SPY_P_72_416,70.64,72.95,0.0394,0.3115,1.4763,0
AMZN_C_111_417,119.54,111.75,0.0385,0.3829,1.1637,1
QQQ_C_443_418,420.44,443.32,0.0461,0.2547,0.1774,1
MSFT_C_115_419,126.64,115.25,0.0494,0.2455,0.0905,1
NVDA_P_192_420,197.32,192.21,0.0373,0.2883,0.3298,0
META_P_218_421,206.80,218.37,0.0374,0.3245,0.6291,0
AAPL_P_117_422,108.84,117.49,0.0389,0.1851,0.0916,0
NVDA_P_62_423,65.97,62.09,0.0327,0.3733,0.1524,0
META_P_145_424,137.75,145.63,0.0436,0.2391,1.2128,0
TSLA_P_145_425,158.77,145.44,0.0399,0.1504,1.9947,0
TSLA_C_426_426,387.78,426.72,0.0428,0.3885,1.0812,1
SPY_P_295_427,327.08,295.67,0.0370,0.2202,1.6155,0
AMZN_C_362_428,354.30,362.99,0.0381,0.2667,1.1756,1
NVDA_P_244_429,216.59,244.14,0.0376,0.2502,1.6048,0
GOOGL_C_172_430,186.72,172.40,0.0448,0.2606,0.2179,1
NVDA_P_215_431,213.36,215.97,0.0385,0.3914,0.4085,0
SPY_P_71_432,65.80,71.78,0.0457,0.2079,1.6596,0
SPY_P_427_433,453.23,427.07,0.0486,0.2477,1.9572,0
META_P_216_434,249.68,216.07,0.0458,0.2923,0.7899,0
AAPL_C_481_435,465.27,481.69,0.0436,0.2437,1.2540,1
QQQ_C_72_436,80.34,72.34,0.0475,0.3007,1.2810,1
NVDA_C_362_437,413.70,362.87,0.0305,0.1710,1.3231,1
AAPL_C_349_438,356.03,349.40,0.0334,0.3799,1.3015,1
AMD_P_210_439,231.51,210.04,0.0451,0.3515,0.3217,0
AAPL_C_324_440,373.36,324.68,0.0484,0.2394,0.5580,1
TSLA_P_300_441,269.14,300.96,0.0409,0.1933,0.7200,0
NVDA_C_418_442,401.89,418.88,0.0440,0.2801,0.7498,1
QQQ_C_357_443,354.73,357.70,0.0347,0.2375,1.3852,1
AMD_P_121_444,106.83,121.70,0.0410,0.2797,1.3948,0
SPY_C_66_445,65.98,66.14,0.0366,0.3607,1.7486,1
TSLA_P_67_446,72.38,67.50,0.0495,0.3392,0.5000,0
AAPL_P_60_447,69.02,60.94,0.0473,0.2285,1.7583,0
AAPL_C_257_448,225.53,257.28,0.0476,0.2809,0.9214,1
TSLA_C_228_449,204.85,228.53,0.0497,0.1715,1.4635,1
AAPL_P_82_450,95.54,82.70,0.0498,0.1573,1.4236,0
AMZN_P_137_451,129.18,137.72,0.0311,0.3226,0.9404,0
AMZN_P_170_452,166.12,170.24,0.0359,0.1588,0.4312,0
AAPL_C_163_453,187.85,163.40,0.0301,0.3924,1.1230,1
SPY_C_341_454,394.35,341.81,0.0466,0.1560,1.8929,1
NVDA_C_475_455,427.86,475.36,0.0427,0.3316,1.3483,1
AMD_P_151_456,138.21,151.13,0.0472,0.1922,1.4560,0
QQQ_C_178_457,169.62,178.14,0.0354,0.1698,1.9996,1
QQQ_C_400_458,456.83,400.10,0.0311,0.2224,0.9864,1
MSFT_C_232_459,221.07,232.38,0.0396,0.3693,0.6183,1
META_C_90_460,89.14,90.33,0.0453,0.3183,1.9923,1
AAPL_P_167_461,188.49,167.96,0.0310,0.1827,1.7067,0
SPY_P_257_462,290.38,257.45,0.0409,0.2552,1.0977,0
TSLA_C_69_463,81.35,69.67,0.0448,0.3329,1.0478,1
MSFT_P_518_464,471.18,518.45,0.0345,0.3284,1.9780,0
NVDA_P_353_465,408.82,353.13,0.0476,0.2101,0.6628,0
AAPL_P_419_466,435.44,419.70,0.0359,0.1794,1.2682,0
AAPL_P_98_467,100.36,98.30,0.0487,0.2395,0.9366,0
AMD_P_405_468,355.33,405.92,0.0414,0.3044,1.7725,0
AAPL_P_119_469,128.79,119.87,0.0422,0.1833,1.0938,0
GOOGL_C_243_470,263.94,243.35,0.0368,0.3153,0.8702,1
SPY_C_438_471,423.62,438.81,0.0474,0.3495,1.1217,1
AAPL_C_372_472,354.38,372.12,0.0478,0.3017,0.6064,1
SPY_C_230_473,231.23,230.00,0.0447,0.3028,1.4428,1
MSFT_P_499_474,479.10,499.69,0.0481,0.3744,1.7192,0
META_C_439_475,496.92,439.43,0.0400,0.2421,1.4601,1
NVDA_C_369_476,337.12,369.38,0.0346,0.3947,1.6195,1
AMD_C_297_477,330.60,297.13,0.0476,0.2613,0.4313,1
AAPL_P_63_478,59.92,63.39,0.0430,0.3703,1.2221,0
AAPL_C_309_479,297.25,309.48,0.0381,0.3175,0.7704,1
AMZN_C_446_480,421.27,446.60,0.0346,0.3459,1.1643,1
META_P_211_481,224.83,211.33,0.0349,0.1714,0.9220,0
TSLA_C_249_482,282.53,249.34,0.0439,0.2756,1.0729,1
TSLA_C_476_483,414.91,476.06,0.0321,0.2537,0.4904,1
AMZN_C_53_484,53.19,53.80,0.0448,0.1997,0.4058,1
SPY_P_295_485,330.24,295.36,0.0399,0.1731,0.8405,0
TSLA_C_309_486,272.02,309.22,0.0334,0.3168,0.1192,1
GOOGL_C_372_487,410.19,372.62,0.0487,0.1814,0.2558,1
MSFT_C_140_488,150.26,140.67,0.0345,0.2141,0.6694,1
AAPL_P_407_489,368.40,407.65,0.0465,0.3721,1.2458,0
AMD_C_314_490,336.98,314.22,0.0456,0.3429,0.2139,1
NVDA_P_419_491,448.84,419.17,0.0303,0.2078,1.0847,0
TSLA_P_79_492,72.38,79.62,0.0387,0.2677,0.0853,0
MSFT_P_69_493,63.69,69.12,0.0327,0.1616,1.9788,0
TSLA_P_419_494,389.92,419.51,0.0393,0.1666,1.0143,0
SPY_C_440_495,464.71,440.10,0.0423,0.2120,0.8424,1
SPY_P_280_496,273.64,280.72,0.0468,0.1982,0.6440,0
MSFT_P_259_497,233.40,259.59,0.0422,0.2313,1.5419,0
GOOGL_C_205_498,228.44,205.32,0.0434,0.3886,0.1493,1
META_P_436_499,407.15,436.80,0.0318,0.3950,1.8632,0
AAPL_P_170_500,153.15,170.23,0.0464,0.2833,0.4679,0
AMD_C_535_501,471.69,535.14,0.0418,0.2950,1.0750,1
TSLA_P_187_502,195.25,187.30,0.0371,0.1675,0.2056,0
MSFT_C_429_503,424.29,429.19,0.0490,0.3921,0.6128,1
META_C_272_504,308.62,272.82,0.0343,0.1885,0.6918,1
AMD_C_261_505,263.51,261.60,0.0318,0.2807,1.7467,1
NVDA_C_511_506,482.87,511.56,0.0487,0.3437,0.2045,1
QQQ_P_369_507,390.85,369.50,0.0316,0.1592,1.8705,0
NVDA_P_235_508,227.69,235.13,0.0486,0.3765,0.5496,0
AMD_P_414_509,411.64,414.37,0.0414,0.2726,1.3536,0
NVDA_P_62_510,64.94,62.36,0.0495,0.2345,1.4868,0
AMD_C_293_511,308.20,293.83,0.0350,0.1977,1.6977,1
SPY_C_161_512,170.20,162.00,0.0435,0.1612,1.3775,1
MSFT_P_200_513,193.78,200.95,0.0493,0.2813,0.5203,0
TSLA_C_314_514,324.10,314.25,0.0464,0.2767,0.6153,1
AMD_P_348_515,395.44,348.49,0.0316,0.3169,0.2448,0
META_C_143_516,146.07,143.05,0.0491,0.3904,1.3545,1
QQQ_P_347_517,305.35,347.28,0.0396,0.3676,0.9274,0
AMD_P_383_518,354.96,383.66,0.0330,0.2237,1.6639,0
TSLA_C_202_519,178.58,202.03,0.0410,0.3612,0.4812,1
AMZN_C_190_520,175.08,190.57,0.0408,0.3442,1.6185,1
META_C_279_521,279.24,279.62,0.0326,0.2063,1.2862,1
QQQ_C_268_522,277.46,268.45,0.0309,0.2716,0.5381,1
GOOGL_C_244_523,214.35,244.87,0.0314,0.1503,0.2802,1
MSFT_C_228_524,210.65,228.03,0.0338,0.3392,1.8979,1
AMZN_C_272_525,307.58,272.48,0.0371,0.1625,0.0843,1
AMZN_P_540_526,474.57,540.36,0.0444,0.3636,1.0491,0
META_P_49_527,54.02,49.41,0.0460,0.3199,0.5529,0
AMD_P_374_528,356.72,374.56,0.0317,0.3417,0.9476,0
GOOGL_C_63_529,56.56,63.14,0.0452,0.2318,0.5226,1
TSLA_P_387_530,362.11,387.52,0.0380,0.3190,1.9109,0
AMD_P_428_531,415.78,428.47,0.0317,0.2865,1.9725,0
NVDA_C_446_532,403.91,446.48,0.0357,0.2115,1.5407,1
TSLA_C_409_533,406.05,409.45,0.0483,0.1778,1.7038,1
NVDA_P_322_534,300.66,322.41,0.0378,0.3716,1.4157,0
NVDA_P_81_535,92.37,81.77,0.0354,0.3497,1.0402,0
SPY_P_313_536,295.48,313.34,0.0388,0.3239,0.6870,0
AAPL_C_394_537,353.56,394.63,0.0458,0.3003,1.2244,1
AMD_P_111_538,103.02,111.30,0.0454,0.3004,0.1221,0
QQQ_C_511_539,471.66,511.21,0.0389,0.2435,1.1962,1
AMZN_C_83_540,84.80,83.63,0.0333,0.2379,0.1667,1
MSFT_P_313_541,286.26,313.74,0.0302,0.2559,0.3213,0
QQQ_P_399_542,409.76,399.78,0.0496,0.2018,1.2639,0
META_P_440_543,385.50,440.99,0.0431,0.2379,0.2973,0
AMD_C_449_544,406.70,449.33,0.0432,0.2836,0.3216,1
MSFT_C_496_545,433.47,496.85,0.0441,0.3931,1.9106,1
MSFT_P_216_546,202.78,216.36,0.0335,0.3496,1.2657,0
GOOGL_C_370_547,395.78,370.73,0.0423,0.2318,1.3095,1
AMZN_P_266_548,295.11,266.61,0.0338,0.2919,1.6791,0
QQQ_C_282_549,295.63,282.16,0.0495,0.2727,1.1818,1
AMZN_C_152_550,175.35,152.48,0.0480,0.3607,1.9466,1
QQQ_P_116_551,114.63,116.01,0.0479,0.1603,1.1620,0
MSFT_P_279_552,275.86,279.88,0.0440,0.1708,1.4273,0
NVDA_P_172_553,175.06,172.36,0.0362,0.3317,1.1247,0
GOOGL_C_112_554,115.34,112.01,0.0408,0.2977,0.9985,1
MSFT_C_438_555,419.40,438.79,0.0408,0.3061,0.8191,1
GOOGL_C_329_556,307.34,329.02,0.0432,0.2284,1.0990,1
SPY_P_139_557,134.71,139.82,0.0471,0.2785,1.7459,0
GOOGL_P_480_558,436.33,480.41,0.0388,0.3695,0.5366,0
MSFT_C_254_559,295.58,254.81,0.0354,0.2245,1.1140,1
AMD_C_293_560,288.37,293.43,0.0353,0.1541,0.3840,1
GOOGL_C_68_561,62.70,68.40,0.0474,0.3684,1.1003,1
GOOGL_P_484_562,423.52,484.48,0.0350,0.1874,1.6640,0
TSLA_P_112_563,103.91,112.33,0.0414,0.2068,0.0839,0
AMD_P_426_564,372.63,426.91,0.0426,0.3171,0.0923,0
MSFT_P_213_565,219.67,213.85,0.0358,0.3726,1.9627,0
AMZN_P_493_566,491.28,493.68,0.0414,0.3440,1.5618,0
NVDA_P_413_567,479.14,413.02,0.0443,0.3232,1.2247,0
NVDA_C_163_568,143.59,163.35,0.0449,0.3723,1.3171,1
AMD_P_116_569,123.20,116.51,0.0481,0.3659,1.0541,0
META_P_219_570,246.48,219.14,0.0390,0.2711,0.6169,0
SPY_P_263_571,255.68,263.95,0.0340,0.3867,0.8321,0
QQQ_C_403_572,460.25,403.55,0.0404,0.1887,1.6912,1
QQQ_P_95_573,87.02,95.31,0.0319,0.2209,1.5271,0
META_P_440_574,438.97,440.80,0.0429,0.3983,1.2160,0
AAPL_C_365_575,329.13,365.73,0.0450,0.2025,0.8325,1
NVDA_C_439_576,385.67,439.21,0.0491,0.3746,1.8576,1
AMD_C_202_577,188.13,202.90,0.0341,0.2984,0.9215,1
MSFT_P_239_578,248.68,239.70,0.0481,0.1688,1.5574,0
NVDA_P_150_579,134.18,150.42,0.0348,0.1849,0.4826,0
META_C_411_580,382.78,411.33,0.0308,0.3031,0.6330,1
AMZN_P_450_581,443.74,450.45,0.0406,0.2551,1.1374,0
META_P_80_582,74.39,80.95,0.0451,0.2744,0.3980,0
AMZN_P_386_583,415.50,386.68,0.0323,0.2078,1.7387,0
AAPL_C_422_584,460.46,422.42,0.0460,0.1784,1.1255,1
GOOGL_C_216_585,196.27,216.44,0.0323,0.2543,0.3718,1
META_C_353_586,366.31,353.17,0.0430,0.2791,1.6002,1
AMZN_C_347_587,395.06,347.84,0.0383,0.1665,1.7382,1
MSFT_C_169_588,151.54,169.13,0.0447,0.1670,1.2675,1
MSFT_C_197_589,191.57,197.74,0.0356,0.2040,0.6264,1
GOOGL_C_62_590,72.33,62.99,0.0371,0.3927,1.2472,1
TSLA_P_530_591,464.70,530.16,0.0343,0.3826,1.8018,0
MSFT_C_301_592,265.61,301.61,0.0351,0.1688,0.8500,1
NVDA_P_176_593,163.19,176.44,0.0453,0.3685,1.0295,0
SPY_P_207_594,182.62,207.14,0.0338,0.3769,1.6575,0
AAPL_P_221_595,237.55,221.85,0.0337,0.2689,1.6025,0
AAPL_P_218_596,207.72,218.53,0.0394,0.1964,0.1863,0
QQQ_C_217_597,200.50,217.97,0.0312,0.3412,1.1405,1
META_C_341_598,311.39,341.27,0.0455,0.3583,0.2196,1
SPY_C_420_599,464.36,420.84,0.0486,0.3188,1.0252,1
SPY_C_505_600,449.10,505.08,0.0312,0.3054,1.7925,1
NVDA_P_58_601,62.55,58.15,0.0492,0.2067,0.5956,0
META_C_380_602,384.28,380.69,0.0332,0.1866,0.4311,1
GOOGL_C_312_603,320.71,312.69,0.0366,0.2566,0.1261,1
QQQ_P_300_604,301.11,300.16,0.0420,0.2876,1.3329,0
AAPL_P_390_605,348.63,390.41,0.0412,0.2648,0.6965,0
GOOGL_C_77_606,76.72,77.08,0.0396,0.3198,0.9908,1
AMZN_P_506_607,491.35,506.83,0.0353,0.2386,0.6221,0
META_C_108_608,113.26,108.33,0.0405,0.1962,0.4646,1
SPY_C_374_609,426.83,374.06,0.0312,0.2739,1.0629,1
NVDA_P_122_610,107.64,122.44,0.0337,0.2119,1.2728,0
NVDA_C_153_611,170.65,153.28,0.0337,0.3213,1.2182,1
MSFT_C_420_612,410.53,420.26,0.0478,0.2500,0.2194,1
GOOGL_P_75_613,87.88,75.08,0.0402,0.2005,1.8752,0
AAPL_C_173_614,193.40,173.96,0.0424,0.2493,1.8370,1
GOOGL_C_383_615,409.89,383.37,0.0324,0.3961,1.8846,1
AMZN_C_123_616,111.12,123.38,0.0362,0.3372,0.2726,1
AMD_P_232_617,241.36,232.39,0.0425,0.1579,0.4610,0
SPY_P_559_618,486.81,559.76,0.0371,0.3592,0.8503,0
AMZN_C_349_619,396.49,349.41,0.0383,0.1867,0.4128,1
MSFT_C_84_620,77.36,84.29,0.0340,0.3720,1.2451,1
AMD_P_73_621,73.83,73.63,0.0357,0.3512,0.1296,0
AMD_C_523_622,490.15,523.61,0.0317,0.3719,0.4337,1
GOOGL_C_500_623,499.08,500.75,0.0326,0.3078,0.2259,1
AAPL_P_419_624,466.09,419.10,0.0484,0.3900,1.4061,0
AMZN_C_158_625,174.67,158.82,0.0421,0.3087,1.8264,1
AMD_P_372_626,424.44,372.19,0.0409,0.3284,0.8821,0
META_C_461_627,486.61,461.13,0.0399,0.3236,1.5720,1
QQQ_P_399_628,454.38,399.89,0.0478,0.1621,0.9054,0
AAPL_C_55_629,50.10,55.93,0.0363,0.2300,0.1010,1
SPY_P_410_630,422.84,410.24,0.0408,0.2386,0.4494,0
AMZN_P_450_631,474.94,450.29,0.0396,0.2183,0.3704,0
MSFT_C_484_632,433.18,484.63,0.0345,0.3715,1.3205,1
GOOGL_C_338_633,325.68,338.02,0.0490,0.2566,1.3627,1
QQQ_C_137_634,157.16,137.46,0.0474,0.1680,0.6226,1
META_P_431_635,457.55,431.26,0.0372,0.3622,0.2106,0
NVDA_P_331_636,340.31,331.06,0.0346,0.1693,1.9781,0
GOOGL_P_302_637,282.60,302.26,0.0449,0.2303,1.7854,0
AMD_C_299_638,280.66,299.31,0.0312,0.2909,1.0593,1
AAPL_C_188_639,188.69,188.91,0.0467,0.3848,1.6182,1
AMZN_C_201_640,203.85,201.97,0.0369,0.1561,0.8797,1
GOOGL_P_132_641,117.69,132.11,0.0475,0.3335,1.9785,0
AMD_C_372_642,324.97,372.90,0.0306,0.2753,0.2897,1
GOOGL_P_109_643,114.40,109.25,0.0477,0.3848,1.1352,0
QQQ_P_210_644,188.03,210.19,0.0399,0.3686,0.2032,0
NVDA_C_221_645,206.41,221.86,0.0363,0.2513,0.6832,1
AMZN_P_92_646,102.31,92.76,0.0446,0.3142,0.5904,0
NVDA_P_253_647,257.96,253.70,0.0409,0.2760,0.2670,0
GOOGL_P_136_648,119.02,136.63,0.0381,0.2601,1.9247,0
MSFT_P_506_649,497.05,506.34,0.0386,0.2910,1.6144,0
NVDA_P_165_650,157.30,165.40,0.0360,0.2599,0.8138,0
AAPL_C_311_651,293.40,311.08,0.0409,0.3793,0.5797,1
NVDA_C_436_652,476.41,436.97,0.0361,0.2542,0.2958,1
NVDA_P_353_653,346.64,354.00,0.0349,0.1710,1.9465,0
NVDA_P_57_654,63.68,57.27,0.0312,0.2616,0.7689,0
AMD_C_52_655,55.63,52.33,0.0344,0.3442,0.2106,1
GOOGL_C_241_656,241.89,241.30,0.0350,0.3259,0.8888,1
MSFT_P_297_657,259.53,297.29,0.0449,0.2364,0.5725,0
AAPL_C_303_658,320.75,303.36,0.0493,0.1965,0.7548,1
META_P_267_659,245.28,267.57,0.0490,0.1653,1.6242,0
META_C_322_660,293.61,322.55,0.0379,0.3060,0.7664,1
MSFT_C_384_661,344.68,384.73,0.0321,0.1806,1.2902,1
QQQ_C_219_662,246.94,219.92,0.0477,0.2271,1.6289,1
QQQ_C_285_663,270.93,285.86,0.0491,0.2907,0.3473,1
TSLA_C_252_664,283.58,252.16,0.0470,0.3805,0.7981,1
META_P_311_665,307.71,311.36,0.0351,0.1638,1.4554,0
META_C_57_666,59.31,57.38,0.0402,0.1907,0.4678,1
NVDA_C_240_667,256.69,240.50,0.0310,0.2903,1.0202,1
AAPL_C_155_668,143.41,155.98,0.0472,0.2635,0.6111,1
META_P_336_669,304.62,336.47,0.0381,0.2365,1.3741,0
META_C_55_670,51.79,55.49,0.0441,0.1673,0.6108,1
AMD_P_104_671,91.93,104.40,0.0374,0.1740,0.2323,0
META_C_277_672,251.01,277.99,0.0444,0.2499,1.5351,1
QQQ_C_511_673,496.10,511.77,0.0388,0.3330,1.3656,1
AMZN_P_123_674,117.43,123.00,0.0340,0.2762,1.2497,0
AMD_C_438_675,469.17,438.80,0.0309,0.2591,1.5330,1
NVDA_P_509_676,444.20,509.59,0.0387,0.2491,1.4637,0
QQQ_C_486_677,424.35,486.45,0.0441,0.1654,1.9271,1
NVDA_P_98_678,108.47,98.86,0.0337,0.2086,0.9102,0
SPY_C_71_679,78.69,71.55,0.0495,0.2418,0.3451,1
NVDA_P_430_680,492.67,430.93,0.0319,0.2382,1.0487,0
MSFT_C_368_681,361.30,368.77,0.0460,0.2521,0.6243,1
QQQ_P_101_682,103.32,101.60,0.0387,0.2509,1.1698,0
AMZN_P_220_683,232.35,220.77,0.0422,0.3536,1.6093,0
AMZN_P_456_684,425.46,456.78,0.0441,0.2493,0.6817,0
AAPL_C_370_685,340.85,370.57,0.0383,0.3499,0.2216,1
MSFT_P_115_686,113.93,115.06,0.0374,0.2063,1.0087,0
NVDA_C_216_687,245.24,216.38,0.0392,0.3899,0.6358,1
META_C_46_688,53.73,46.60,0.0396,0.3423,1.6560,1
META_C_67_689,69.49,67.76,0.0476,0.3777,1.5628,1
MSFT_P_482_690,430.19,482.76,0.0398,0.2229,1.8298,0
QQQ_P_388_691,385.10,388.80,0.0348,0.2927,1.9282,0
MSFT_P_122_692,107.65,122.35,0.0412,0.2335,1.4067,0
GOOGL_P_227_693,202.88,228.00,0.0314,0.2378,0.9535,0
SPY_P_466_694,485.90,466.32,0.0328,0.1627,0.7039,0
TSLA_C_493_695,483.36,493.54,0.0324,0.3013,0.6074,1
AMD_P_399_696,378.06,399.53,0.0339,0.2378,1.5908,0
TSLA_P_205_697,189.89,205.94,0.0349,0.2261,0.1293,0
AMZN_C_436_698,492.82,436.23,0.0449,0.2298,0.9257,1
MSFT_P_430_699,409.16,430.66,0.0394,0.3208,0.6246,0
TSLA_P_453_700,412.43,453.13,0.0426,0.3415,0.7032,0
AMZN_P_185_701,217.02,185.56,0.0450,0.3202,1.9235,0
GOOGL_C_294_702,270.54,294.66,0.0306,0.1896,1.3278,1
AMZN_P_340_703,374.97,340.45,0.0336,0.1556,1.0361,0
AMZN_P_444_704,430.97,444.49,0.0477,0.2391,1.3931,0
META_P_192_705,193.46,192.91,0.0370,0.1768,1.0693,0
GOOGL_C_58_706,54.20,58.08,0.0447,0.3000,0.4846,1
TSLA_C_353_707,318.06,353.73,0.0420,0.3433,1.9754,1
NVDA_C_332_708,301.34,332.04,0.0330,0.2236,1.8335,1
GOOGL_P_466_709,482.16,466.93,0.0367,0.3039,1.6863,0
NVDA_P_474_710,439.70,474.61,0.0318,0.2524,0.8016,0
NVDA_C_345_711,352.06,345.13,0.0417,0.3802,0.8544,1
QQQ_P_52_712,61.30,53.00,0.0459,0.3019,1.4972,0
MSFT_C_391_713,373.90,391.48,0.0322,0.1550,1.2313,1
NVDA_P_126_714,141.58,126.31,0.0323,0.3737,0.8291,0
GOOGL_P_250_715,241.08,250.24,0.0398,0.2973,1.9242,0
AMD_C_217_716,244.45,217.98,0.0420,0.2563,1.3780,1
NVDA_P_222_717,254.38,222.08,0.0422,0.3994,1.3525,0
SPY_C_351_718,310.38,351.03,0.0454,0.3434,1.1820,1
QQQ_C_171_719,187.92,171.37,0.0334,0.3761,0.3056,1
NVDA_C_256_720,287.80,256.37,0.0410,0.3430,1.0077,1
AMZN_C_462_721,448.25,462.29,0.0440,0.2931,0.5130,1
NVDA_C_89_722,102.99,89.03,0.0433,0.3219,1.5765,1
NVDA_P_112_723,115.79,112.24,0.0314,0.2227,1.4788,0
GOOGL_C_307_724,289.23,307.97,0.0361,0.2220,0.5516,1
AMZN_C_377_725,362.27,377.26,0.0380,0.1888,1.3102,1
TSLA_C_403_726,354.47,403.15,0.0335,0.2927,0.2455,1
MSFT_P_198_727,213.15,198.19,0.0334,0.2950,0.9430,0
MSFT_P_70_728,66.42,70.66,0.0332,0.3704,0.6066,0
NVDA_C_496_729,480.97,496.43,0.0418,0.2542,0.1228,1
META_C_155_730,174.73,155.23,0.0305,0.2724,1.1186,1
META_P_80_731,76.69,80.43,0.0349,0.3756,0.8122,0
AMZN_P_97_732,114.15,97.42,0.0362,0.3892,0.9561,0
NVDA_P_136_733,141.92,136.98,0.0495,0.1887,0.3156,0
AAPL_C_328_734,329.79,328.41,0.0463,0.2673,0.6013,1
AMZN_C_381_735,416.36,381.75,0.0412,0.2680,1.4694,1
QQQ_C_290_736,330.28,290.36,0.0328,0.2897,1.0186,1
SPY_C_219_737,225.21,219.63,0.0437,0.1707,1.1322,1
MSFT_C_262_738,271.61,262.32,0.0476,0.2083,0.4284,1
AAPL_P_302_739,342.57,302.29,0.0488,0.2185,0.5927,0
NVDA_P_345_740,331.97,345.12,0.0363,0.3974,1.8814,0
AMZN_C_163_741,172.40,163.04,0.0397,0.1884,1.8879,1
QQQ_C_114_742,129.86,114.92,0.0465,0.3384,1.1527,1
MSFT_C_280_743,282.66,280.92,0.0309,0.1628,0.3782,1
NVDA_C_69_744,75.07,69.82,0.0379,0.3480,0.1586,1
MSFT_P_259_745,242.32,259.25,0.0486,0.3141,0.5151,0
AAPL_P_222_746,208.73,222.69,0.0424,0.3862,1.8462,0
AAPL_P_305_747,334.32,305.54,0.0329,0.3307,0.0944,0
NVDA_C_333_748,366.34,333.90,0.0411,0.2445,1.9916,1
TSLA_C_526_749,461.87,526.43,0.0373,0.3240,1.9242,1
GOOGL_C_284_750,328.72,284.88,0.0388,0.2282,0.1669,1
SPY_P_90_751,82.74,90.02,0.0473,0.1738,1.1745,0
AMD_C_330_752,307.07,330.42,0.0313,0.3468,0.4476,1
GOOGL_P_297_753,276.90,297.19,0.0317,0.3772,0.7142,0
SPY_P_238_754,234.71,238.81,0.0435,0.3377,0.8189,0
AMZN_C_366_755,334.71,366.88,0.0442,0.1952,1.4367,1
META_P_273_756,250.50,273.15,0.0339,0.2609,1.2642,0
NVDA_P_388_757,455.86,388.62,0.0496,0.2276,1.5991,0
MSFT_C_452_758,433.98,452.75,0.0383,0.3821,0.4741,1
QQQ_C_400_759,414.23,400.67,0.0364,0.3197,1.1669,1
AMD_P_332_760,377.60,332.87,0.0316,0.2201,1.2152,0
MSFT_P_359_761,363.48,359.14,0.0415,0.1750,0.8527,0
AAPL_P_221_762,230.58,221.49,0.0496,0.3546,0.1677,0
QQQ_C_332_763,390.26,332.23,0.0412,0.2228,0.8573,1
TSLA_P_122_764,134.01,122.39,0.0342,0.2220,1.3532,0
QQQ_P_291_765,299.16,291.84,0.0396,0.1612,1.2726,0
QQQ_C_517_766,457.80,517.56,0.0316,0.2084,0.7380,1
TSLA_P_239_767,229.64,239.61,0.0344,0.3679,1.5010,0
AMZN_C_205_768,237.58,205.71,0.0428,0.3498,0.7647,1
GOOGL_P_105_769,100.78,105.03,0.0483,0.3328,1.9083,0
AAPL_C_167_770,175.24,167.90,0.0313,0.2965,1.4900,1
TSLA_C_228_771,240.81,228.93,0.0319,0.2704,1.9328,1
TSLA_C_457_772,441.13,457.26,0.0444,0.3315,0.4044,1
TSLA_P_403_773,368.09,403.67,0.0304,0.3575,1.1494,0
AMD_P_408_774,473.43,408.77,0.0342,0.3400,0.5101,0
AMD_C_159_775,149.22,159.37,0.0482,0.2121,0.6746,1
AMD_C_245_776,272.04,245.02,0.0491,0.2957,1.3815,1
NVDA_P_419_777,446.69,419.48,0.0405,0.3452,0.3103,0
META_P_560_778,488.34,560.74,0.0442,0.1912,0.8140,0
META_P_107_779,106.40,107.76,0.0427,0.2613,0.3286,0
TSLA_C_327_780,295.90,327.40,0.0343,0.2948,1.5372,1
GOOGL_C_149_781,139.80,149.64,0.0302,0.3831,0.3205,1
AAPL_C_207_782,232.02,207.68,0.0369,0.2851,0.6343,1
MSFT_P_390_783,386.74,390.50,0.0426,0.1567,1.7431,0
AMD_P_133_784,128.87,133.24,0.0429,0.3661,1.2400,0
GOOGL_C_136_785,136.38,136.61,0.0420,0.2073,0.3336,1
SPY_C_60_786,53.77,60.72,0.0354,0.3904,0.2900,1
SPY_C_229_787,229.26,229.53,0.0498,0.2791,0.5214,1
AMD_C_207_788,198.63,207.95,0.0331,0.3600,1.3410,1
TSLA_C_86_789,91.70,86.02,0.0452,0.2731,1.7605,1
AMD_P_317_790,314.42,317.75,0.0372,0.3374,0.5622,0
QQQ_C_387_791,419.58,387.36,0.0400,0.2257,0.6561,1
TSLA_P_282_792,319.43,282.10,0.0337,0.2271,0.4809,0
SPY_C_361_793,371.47,361.34,0.0469,0.3053,1.1229,1
GOOGL_P_121_794,133.14,121.76,0.0493,0.3810,1.4359,0
AMZN_P_90_795,83.93,90.55,0.0451,0.3450,0.7550,0
AMD_P_287_796,314.04,287.79,0.0344,0.2670,0.5406,0
MSFT_P_202_797,196.51,202.32,0.0486,0.3236,1.6283,0
NVDA_C_304_798,352.97,304.50,0.0335,0.2000,1.9492,1
SPY_P_156_799,169.75,156.59,0.0386,0.3381,0.4928,0
MSFT_P_322_800,289.44,322.63,0.0372,0.1767,1.7529,0
AMD_C_304_801,294.25,304.82,0.0457,0.2635,0.6546,1
META_P_160_802,163.36,160.07,0.0357,0.2319,0.9966,0
AMZN_P_228_803,201.62,228.05,0.0341,0.2859,0.8577,0
AMD_P_106_804,95.68,106.11,0.0494,0.3443,0.4328,0
TSLA_P_340_805,297.27,340.53,0.0422,0.3921,1.8749,0
SPY_P_392_806,448.04,392.25,0.0355,0.1633,0.1765,0
MSFT_P_59_807,64.91,59.44,0.0489,0.2153,1.1596,0
NVDA_C_197_808,189.20,197.31,0.0426,0.3944,1.8310,1
GOOGL_P_434_809,460.00,434.98,0.0490,0.2130,0.2787,0
META_P_265_810,300.88,265.71,0.0315,0.3598,1.5064,0
TSLA_P_161_811,184.50,161.37,0.0468,0.2156,0.4357,0
MSFT_C_313_812,316.99,313.70,0.0440,0.1967,0.9708,1
AMZN_P_426_813,451.88,426.54,0.0482,0.3440,0.1337,0
META_P_207_814,237.64,207.84,0.0455,0.3768,0.5072,0
MSFT_P_46_815,52.08,46.19,0.0400,0.1872,0.2233,0
META_C_305_816,335.04,306.00,0.0425,0.2893,1.6903,1
NVDA_P_220_817,205.14,220.40,0.0372,0.1999,0.1450,0
AMZN_P_195_818,200.14,195.58,0.0479,0.3119,0.3139,0
MSFT_C_490_819,433.24,490.82,0.0402,0.3246,1.2897,1
AMZN_P_142_820,146.34,142.14,0.0315,0.3680,0.8433,0
AMD_C_279_821,276.77,279.69,0.0306,0.3091,1.7445,1
AAPL_P_171_822,165.03,171.01,0.0480,0.1514,0.1106,0
SPY_C_344_823,403.47,344.61,0.0381,0.2755,0.9824,1
META_C_186_824,166.25,186.40,0.0489,0.3015,1.9571,1
MSFT_P_248_825,281.15,248.40,0.0364,0.3797,1.8206,0
AMZN_C_71_826,78.38,71.76,0.0311,0.2308,1.3805,1
META_P_287_827,329.94,287.67,0.0365,0.3541,1.7342,0
GOOGL_C_473_828,435.13,473.50,0.0318,0.3299,1.4710,1
AMZN_C_231_829,205.88,231.29,0.0423,0.2616,0.6536,1
NVDA_C_530_830,498.76,530.69,0.0313,0.3053,1.2611,1
QQQ_C_510_831,499.79,510.26,0.0409,0.3197,1.5365,1
TSLA_C_480_832,438.06,480.97,0.0483,0.2096,0.6999,1
AAPL_C_115_833,102.65,115.11,0.0459,0.3620,0.4657,1
MSFT_C_163_834,181.43,163.68,0.0367,0.2202,1.4071,1
NVDA_C_371_835,401.11,371.04,0.0388,0.1986,1.6479,1
QQQ_P_176_836,189.36,176.68,0.0426,0.2628,1.1337,0
AMZN_P_179_837,173.49,179.80,0.0384,0.3141,0.6577,0
AMD_P_144_838,149.49,144.59,0.0385,0.3913,0.7177,0
TSLA_C_263_839,260.90,263.72,0.0425,0.1702,0.6442,1
TSLA_C_313_840,282.49,313.74,0.0332,0.3010,1.1894,1
QQQ_C_227_841,241.54,227.98,0.0373,0.1999,1.4309,1
AMD_C_380_842,430.54,380.82,0.0474,0.3967,1.3517,1
META_P_323_843,321.43,323.38,0.0447,0.1722,1.3020,0
AMZN_P_317_844,369.92,317.52,0.0451,0.3841,1.6012,0
SPY_P_499_845,474.22,499.84,0.0423,0.3742,0.6518,0
AAPL_C_53_846,58.84,53.83,0.0460,0.2897,0.2564,1
AMD_P_224_847,218.37,224.72,0.0456,0.3699,0.8872,0
AAPL_C_85_848,91.85,85.75,0.0447,0.2894,1.4321,1
TSLA_P_185_849,168.37,185.31,0.0490,0.2251,1.0037,0
QQQ_P_534_850,464.86,534.22,0.0410,0.1784,1.8034,0
QQQ_C_147_851,144.93,147.11,0.0301,0.3611,1.4403,1
META_C_411_852,386.44,411.11,0.0312,0.1538,1.9160,1
GOOGL_C_224_853,257.26,224.80,0.0494,0.1548,1.6243,1
QQQ_P_95_854,88.54,95.99,0.0489,0.3265,0.9099,0
AMZN_C_364_855,428.02,364.43,0.0316,0.2468,0.3780,1
AMD_P_288_856,335.47,288.20,0.0449,0.3450,1.7111,0
AMZN_P_197_857,195.57,197.55,0.0469,0.3840,0.5965,0
MSFT_C_314_858,280.48,314.04,0.0499,0.2223,1.3824,1
QQQ_C_464_859,465.44,464.65,0.0411,0.1940,0.8980,1
META_P_397_860,450.71,397.68,0.0451,0.1796,1.7143,0
META_C_435_861,468.55,435.31,0.0390,0.3982,1.4969,1
GOOGL_P_130_862,151.37,130.27,0.0419,0.3347,1.8852,0
AAPL_P_392_863,423.90,392.51,0.0427,0.2684,0.4151,0
NVDA_P_282_864,294.60,282.26,0.0387,0.3449,0.2794,0
TSLA_P_417_865,467.25,417.30,0.0488,0.2517,0.6382,0
SPY_P_211_866,233.48,211.18,0.0318,0.2789,1.8331,0
META_P_265_867,303.04,265.40,0.0305,0.2760,0.1947,0
QQQ_P_498_868,474.12,498.02,0.0337,0.3503,1.0361,0
TSLA_P_432_869,421.33,432.02,0.0421,0.1599,0.6111,0
META_C_186_870,189.09,186.94,0.0495,0.3409,0.2486,1
AAPL_C_165_871,177.59,165.17,0.0302,0.1576,1.0153,1
SPY_C_261_872,294.32,261.91,0.0407,0.2473,0.5131,1
META_P_442_873,406.35,442.28,0.0327,0.2945,1.8550,0
META_P_81_874,75.16,81.25,0.0338,0.2534,1.4705,0
NVDA_P_268_875,238.59,268.47,0.0458,0.1999,1.8228,0
AMD_C_301_876,347.93,301.24,0.0408,0.3427,1.5079,1
META_P_323_877,317.69,323.73,0.0405,0.2855,0.5069,0
META_P_257_878,288.68,257.33,0.0370,0.2315,0.1258,0
AAPL_P_248_879,268.44,248.59,0.0403,0.2151,0.3535,0
META_P_312_880,350.95,312.69,0.0413,0.2801,0.4690,0
TSLA_C_245_881,248.65,245.97,0.0395,0.2181,0.9622,1
QQQ_P_364_882,345.35,364.29,0.0366,0.3351,1.4697,0
NVDA_C_55_883,61.73,55.53,0.0389,0.2399,1.0901,1
NVDA_C_143_884,126.10,143.18,0.0350,0.1677,1.1874,1
QQQ_P_67_885,74.42,67.69,0.0479,0.3671,0.4118,0
AAPL_C_326_886,333.13,326.02,0.0399,0.2761,0.8481,1
META_P_64_887,66.66,64.90,0.0315,0.2353,0.1457,0
MSFT_C_418_888,382.78,418.54,0.0422,0.3834,0.3933,1
QQQ_C_326_889,300.10,326.26,0.0363,0.3155,0.2519,1
NVDA_C_216_890,237.86,216.43,0.0368,0.2859,0.5728,1
QQQ_P_228_891,220.53,228.13,0.0455,0.1561,1.7981,0
MSFT_P_393_892,438.70,393.70,0.0491,0.2406,0.5599,0
AAPL_C_370_893,409.42,370.82,0.0456,0.2211,1.8929,1
SPY_C_64_894,57.77,64.87,0.0444,0.1851,0.2490,1
QQQ_P_319_895,309.26,319.23,0.0335,0.2266,1.6884,0
AMZN_C_439_896,489.40,439.03,0.0309,0.2462,0.1921,1
AAPL_P_513_897,493.82,513.03,0.0347,0.2989,0.9579,0
MSFT_P_201_898,196.23,201.35,0.0365,0.2459,0.4200,0
AMD_P_52_899,61.25,52.32,0.0393,0.2068,1.0913,0
AMD_P_244_900,273.20,244.77,0.0364,0.2042,0.9740,0
QQQ_C_224_901,239.55,224.08,0.0316,0.2858,1.5044,1
AMZN_P_365_902,422.21,365.12,0.0361,0.3119,0.7352,0
GOOGL_C_188_903,196.42,188.17,0.0380,0.2498,1.7385,1
GOOGL_P_147_904,171.28,147.69,0.0472,0.1720,0.3274,0
MSFT_P_386_905,351.53,386.96,0.0343,0.2430,0.6955,0
NVDA_P_215_906,232.05,215.45,0.0369,0.2238,0.3812,0
TSLA_C_101_907,101.43,101.66,0.0483,0.3249,0.4887,1
AAPL_P_198_908,179.19,198.46,0.0463,0.2766,1.3342,0
META_P_119_909,134.39,119.71,0.0463,0.2903,0.3786,0
TSLA_P_185_910,185.47,185.13,0.0454,0.2737,1.5974,0
MSFT_P_51_911,55.48,51.40,0.0379,0.3327,0.3195,0
QQQ_P_417_912,398.38,417.36,0.0462,0.2848,1.1936,0
MSFT_P_253_913,256.81,253.05,0.0330,0.1978,0.5053,0
META_C_320_914,366.56,320.71,0.0439,0.2156,1.9386,1
TSLA_P_318_915,340.44,318.96,0.0403,0.2086,0.6217,0
SPY_P_100_916,97.28,100.84,0.0462,0.2053,0.8935,0
SPY_C_446_917,465.21,446.79,0.0412,0.2992,0.1225,1
GOOGL_C_336_918,353.24,336.85,0.0339,0.3321,1.6171,1
META_P_267_919,275.98,267.35,0.0431,0.1858,1.0392,0
SPY_C_547_920,477.63,547.99,0.0480,0.2919,0.2997,1
QQQ_C_190_921,170.62,190.66,0.0313,0.1950,0.2944,1
AMZN_C_136_922,147.00,136.95,0.0412,0.1861,1.6223,1
TSLA_P_348_923,409.42,348.61,0.0405,0.2938,1.1476,0
SPY_P_433_924,457.58,433.05,0.0310,0.2666,1.2156,0
AAPL_P_276_925,293.24,276.47,0.0423,0.3352,0.2403,0
NVDA_C_412_926,368.33,412.07,0.0452,0.3913,0.4546,1
AMD_C_259_927,232.22,259.48,0.0367,0.1795,1.0891,1
GOOGL_P_135_928,130.93,135.50,0.0473,0.3485,1.5241,0
TSLA_P_179_929,161.64,179.88,0.0333,0.1740,1.6020,0
META_P_339_930,341.78,339.97,0.0376,0.2574,1.0683,0
META_C_138_931,158.65,138.79,0.0373,0.3075,1.4281,1
AAPL_P_373_932,331.30,373.97,0.0428,0.1544,1.8842,0
AAPL_P_119_933,115.50,119.51,0.0372,0.3967,0.2416,0
MSFT_P_302_934,272.94,302.40,0.0463,0.1934,1.8855,0
GOOGL_C_446_935,448.92,446.76,0.0420,0.1739,0.7537,1
TSLA_C_298_936,314.13,298.91,0.0384,0.3809,1.6961,1
AAPL_C_72_937,79.03,72.09,0.0405,0.2251,1.2345,1
NVDA_P_151_938,147.34,151.23,0.0326,0.3950,0.9706,0
AMD_P_70_939,67.18,70.63,0.0361,0.3687,0.8762,0
MSFT_P_356_940,405.73,356.65,0.0452,0.3762,0.3187,0
AMZN_P_199_941,210.39,199.08,0.0463,0.2415,1.3446,0
SPY_P_138_942,125.07,138.14,0.0414,0.2939,0.5569,0
META_C_95_943,96.99,95.59,0.0495,0.1835,0.6022,1
NVDA_P_441_944,414.55,441.36,0.0327,0.1767,1.4863,0
AAPL_C_168_945,163.26,168.49,0.0476,0.1503,0.5255,1
NVDA_P_215_946,243.10,215.55,0.0338,0.2068,0.7769,0
META_P_350_947,410.16,350.20,0.0496,0.2533,1.1116,0
TSLA_P_208_948,187.89,208.12,0.0405,0.3055,1.5878,0
AAPL_P_66_949,60.01,66.33,0.0361,0.3884,1.0490,0
META_C_131_950,122.35,131.03,0.0493,0.3056,1.3659,1
NVDA_C_527_951,489.32,527.21,0.0316,0.1565,1.7332,1
QQQ_C_108_952,125.03,108.80,0.0381,0.3583,0.8610,1
AMZN_P_168_953,184.34,168.65,0.0456,0.2734,0.4614,0
AMD_P_498_954,491.22,498.64,0.0338,0.2043,1.2754,0
GOOGL_P_105_955,119.12,105.51,0.0451,0.3484,0.8037,0
MSFT_C_192_956,202.63,192.11,0.0302,0.2593,1.5143,1
MSFT_C_260_957,243.38,260.69,0.0308,0.3905,1.1160,1
TSLA_C_420_958,366.27,420.63,0.0384,0.2846,1.4895,1
MSFT_C_134_959,132.36,134.76,0.0397,0.1955,0.6390,1
META_C_180_960,160.67,180.42,0.0429,0.3934,0.4400,1
AMD_C_148_961,155.73,148.31,0.0320,0.3589,1.6374,1
QQQ_C_430_962,454.70,430.57,0.0357,0.3642,1.6686,1
AAPL_C_519_963,466.38,519.29,0.0499,0.2159,1.4859,1
QQQ_P_260_964,253.79,260.53,0.0457,0.3871,0.8387,0
AMD_C_404_965,381.35,404.77,0.0472,0.2071,1.2714,1
AAPL_P_286_966,263.92,286.30,0.0395,0.3604,1.7562,0
NVDA_P_180_967,168.05,180.35,0.0438,0.1923,0.4372,0
AMD_P_463_968,408.89,463.94,0.0325,0.1830,0.6247,0
QQQ_C_461_969,465.61,461.87,0.0352,0.3242,0.3807,1
TSLA_C_298_970,347.51,298.72,0.0475,0.3139,0.6095,1
GOOGL_C_100_971,111.43,100.62,0.0418,0.3806,1.6088,1
AMZN_C_295_972,283.88,295.32,0.0346,0.2661,0.7613,1
GOOGL_P_400_973,442.02,400.69,0.0353,0.3964,1.2012,0
QQQ_P_88_974,94.96,88.27,0.0469,0.2683,1.2093,0
SPY_C_228_975,200.35,228.97,0.0370,0.2779,1.2682,1
SPY_P_88_976,79.38,88.37,0.0492,0.2120,1.2722,0
MSFT_P_401_977,370.70,401.81,0.0383,0.3187,1.5517,0
NVDA_P_301_978,274.76,301.01,0.0459,0.2948,0.2902,0
META_P_263_979,239.05,263.79,0.0440,0.2410,0.5988,0
GOOGL_C_167_980,190.99,167.89,0.0433,0.3255,0.2284,1
AAPL_P_257_981,287.75,257.01,0.0380,0.2941,0.4811,0
SPY_P_390_982,412.23,390.10,0.0433,0.1947,1.7635,0
SPY_P_146_983,167.62,146.30,0.0321,0.2714,0.7743,0
AAPL_C_159_984,167.50,159.71,0.0386,0.3477,1.9839,1
AAPL_C_314_985,341.82,314.60,0.0404,0.1932,1.2355,1
AAPL_C_52_986,53.23,52.73,0.0457,0.3429,1.0956,1
SPY_C_196_987,194.75,196.66,0.0413,0.1935,1.2272,1
QQQ_P_195_988,215.14,195.02,0.0436,0.1536,1.6617,0
QQQ_C_493_989,465.73,493.23,0.0362,0.1832,0.5622,1
AAPL_C_90_990,105.70,90.74,0.0319,0.3653,0.7571,1
QQQ_P_425_991,403.95,425.95,0.0329,0.2352,1.7589,0
MSFT_P_357_992,363.43,357.64,0.0409,0.3362,1.8248,0
META_C_511_993,459.22,511.18,0.0319,0.1563,0.1355,1
MSFT_C_349_994,400.69,349.96,0.0481,0.2702,0.1382,1
MSFT_P_58_995,62.25,58.02,0.0482,0.3268,0.5038,0
AAPL_P_194_996,202.79,194.59,0.0319,0.2260,0.7437,0
META_P_439_997,460.07,439.92,0.0410,0.1929,0.9413,0
TSLA_P_370_998,424.82,370.18,0.0323,0.1975,1.5810,0
AMZN_P_436_999,401.50,436.88,0.0306,0.3834,0.3030,0
